[
    {
       "id":2301,
       "nome":"Noroeste Cearense",
       "UF":{
          "id":23,
          "sigla":"CE",
          "nome":"Ceará",
          "regiao":{
             "id":2,
             "sigla":"NE",
             "nome":"Nordeste"
          }
       }
    },
    {
       "id":2302,
       "nome":"Norte Cearense",
       "UF":{
          "id":23,
          "sigla":"CE",
          "nome":"Ceará",
          "regiao":{
             "id":2,
             "sigla":"NE",
             "nome":"Nordeste"
          }
       }
    },
    {
       "id":2303,
       "nome":"Metropolitana de Fortaleza",
       "UF":{
          "id":23,
          "sigla":"CE",
          "nome":"Ceará",
          "regiao":{
             "id":2,
             "sigla":"NE",
             "nome":"Nordeste"
          }
       }
    },
    {
       "id":2304,
       "nome":"Sertões Cearenses",
       "UF":{
          "id":23,
          "sigla":"CE",
          "nome":"Ceará",
          "regiao":{
             "id":2,
             "sigla":"NE",
             "nome":"Nordeste"
          }
       }
    },
    {
       "id":2305,
       "nome":"Jaguaribe",
       "UF":{
          "id":23,
          "sigla":"CE",
          "nome":"Ceará",
          "regiao":{
             "id":2,
             "sigla":"NE",
             "nome":"Nordeste"
          }
       }
    },
    {
       "id":2306,
       "nome":"Centro-Sul Cearense",
       "UF":{
          "id":23,
          "sigla":"CE",
          "nome":"Ceará",
          "regiao":{
             "id":2,
             "sigla":"NE",
             "nome":"Nordeste"
          }
       }
    },
    {
       "id":2307,
       "nome":"Sul Cearense",
       "UF":{
          "id":23,
          "sigla":"CE",
          "nome":"Ceará",
          "regiao":{
             "id":2,
             "sigla":"NE",
             "nome":"Nordeste"
          }
       }
    }
 ]